id;name;time;type;visits
1;Фиолетовый слон;10.01.2021 08:00:00;IT;22
2;Розовый цвет;11.01.2021 04:35:31;Дизайн и мода;244
3;Багровый цвет;11.01.2021 14:40:30;Искусство;281
4;Багровый слон;12.01.2021 09:54:09;IT;241
5;Фиолетовый гусь;13.01.2021 10:24:00;Дизайн и мода;289
6;Багровый апельсин;14.01.2021 09:52:26;Искусство;53
7;Синий прорыв;14.01.2021 22:32:18;Искусство;220
8;Фиолетовый прорыв;15.01.2021 15:12:45;Искусство;82
9;Розовый гусь;16.01.2021 08:59:34;Дизайн и мода;89
10;Желтый слон;17.01.2021 02:23:52;Дизайн и мода;183
11;Багровый цвет;17.01.2021 20:45:09;Искусство;121
12;Желтый гусь;18.01.2021 12:06:24;IT;42
13;Розовый гусь;19.01.2021 02:02:18;IT;131
14;Желтый гусь;20.01.2021 02:36:19;IT;150
15;Розовый гусь;21.01.2021 03:14:13;Искусство;143
16;Фиолетовый апельсин;21.01.2021 15:11:10;Дизайн и мода;26
17;Фиолетовый прорыв;22.01.2021 15:25:03;IT;231
18;Багровый прорыв;23.01.2021 09:27:55;Искусство;233
19;Багровый апельсин;23.01.2021 21:07:20;Дизайн и мода;283
20;Фиолетовый прорыв;24.01.2021 20:36:37;Искусство;92
21;Синий апельсин;25.01.2021 20:22:46;IT;119
22;Фиолетовый слон;26.01.2021 08:40:33;Искусство;70
23;Багровый слон;26.01.2021 21:15:22;Дизайн и мода;76
24;Фиолетовый цвет;27.01.2021 09:16:06;Музыка;83
25;Желтый апельсин;27.01.2021 21:18:09;Дизайн и мода;43
26;Фиолетовый апельсин;28.01.2021 20:02:15;IT;115
27;Багровый гусь;29.01.2021 08:36:11;Искусство;271
28;Синий гусь;29.01.2021 20:11:42;Искусство;120
29;Багровый апельсин;30.01.2021 19:54:14;Искусство;215
30;Синий прорыв;31.01.2021 17:23:09;Искусство;290
31;Синий гусь;01.02.2021 08:48:49;IT;39
32;Багровый слон;01.02.2021 20:31:31;Дизайн и мода;35
33;Фиолетовый гусь;02.02.2021 17:49:03;Дизайн и мода;258
34;Розовый цвет;03.02.2021 11:01:41;Дизайн и мода;125
35;Желтый цвет;04.02.2021 09:25:38;IT;96
36;Фиолетовый слон;05.02.2021 03:22:31;IT;198
37;Розовый апельсин;05.02.2021 18:13:03;Искусство;299
38;Багровый прорыв;06.02.2021 14:08:38;IT;208
39;Синий апельсин;07.02.2021 09:13:53;Дизайн и мода;82
40;Багровый слон;08.02.2021 01:48:06;Искусство;43
41;Синий гусь;08.02.2021 22:06:52;Дизайн и мода;204
42;Багровый прорыв;09.02.2021 15:29:34;Искусство;224
43;Желтый апельсин;10.02.2021 05:04:09;IT;215
44;Багровый апельсин;11.02.2021 02:47:43;Искусство;289
45;Розовый апельсин;11.02.2021 15:32:20;Искусство;190
46;Синий гусь;12.02.2021 15:46:41;IT;80
47;Багровый апельсин;13.02.2021 11:00:09;IT;94
48;Желтый апельсин;14.02.2021 02:42:22;Искусство;58
49;Розовый прорыв;15.02.2021 02:04:57;Искусство;210
50;Синий слон;15.02.2021 16:52:16;Дизайн и мода;252
51;Багровый цвет;16.02.2021 05:38:44;IT;287
52;Розовый гусь;17.02.2021 00:17:54;Искусство;209
53;Синий гусь;17.02.2021 10:34:56;Искусство;91
54;Розовый апельсин;17.02.2021 23:45:59;IT;174
55;Желтый апельсин;18.02.2021 10:58:34;IT;28
56;Синий апельсин;19.02.2021 09:16:53;Искусство;282
57;Багровый слон;20.02.2021 09:21:26;Искусство;277
58;Багровый прорыв;21.02.2021 02:51:29;IT;26
59;Багровый апельсин;21.02.2021 21:10:28;IT;57
60;Багровый цвет;22.02.2021 14:48:13;Музыка;80
61;Желтый прорыв;23.02.2021 08:45:12;IT;269
62;Фиолетовый апельсин;24.02.2021 03:43:14;Дизайн и мода;88
63;Синий гусь;24.02.2021 15:23:52;Искусство;91
64;Розовый цвет;25.02.2021 13:45:09;IT;297
65;Фиолетовый гусь;26.02.2021 02:57:22;Искусство;104
66;Фиолетовый апельсин;26.02.2021 16:55:54;Искусство;94
67;Багровый прорыв;27.02.2021 13:36:54;Искусство;210
68;Фиолетовый цвет;28.02.2021 05:55:21;Искусство;268
69;Розовый апельсин;28.02.2021 17:28:52;IT;267
70;Розовый прорыв;01.03.2021 07:22:12;IT;179
71;Розовый гусь;01.03.2021 19:45:53;IT;167
72;Синий прорыв;02.03.2021 12:35:25;Музыка;86
73;Фиолетовый прорыв;03.03.2021 10:55:08;Искусство;226
74;Розовый гусь;04.03.2021 10:24:09;Искусство;250
75;Желтый слон;05.03.2021 00:29:49;Музыка;155
76;Багровый слон;05.03.2021 18:53:15;Дизайн и мода;245
77;Багровый слон;06.03.2021 18:44:10;IT;170
78;Синий гусь;07.03.2021 16:40:01;IT;184
79;Багровый слон;08.03.2021 04:11:41;IT;273
80;Желтый прорыв;08.03.2021 17:52:19;IT;115
81;Синий апельсин;09.03.2021 10:48:38;IT;132
82;Багровый прорыв;10.03.2021 06:16:08;IT;102
83;Багровый апельсин;11.03.2021 02:16:42;IT;203
84;Фиолетовый цвет;11.03.2021 14:40:51;Искусство;236
85;Розовый цвет;12.03.2021 14:15:07;IT;40
86;Желтый гусь;13.03.2021 13:25:27;IT;106
87;Розовый слон;14.03.2021 02:14:15;Искусство;216
88;Багровый цвет;14.03.2021 23:26:46;Музыка;285
89;Желтый прорыв;15.03.2021 22:28:41;Музыка;227
90;Синий апельсин;16.03.2021 12:46:32;IT;172
91;Желтый гусь;16.03.2021 23:30:25;IT;84
92;Розовый апельсин;17.03.2021 18:58:05;Дизайн и мода;113
93;Желтый гусь;18.03.2021 10:08:24;Искусство;194
94;Багровый прорыв;19.03.2021 05:20:24;IT;227
95;Желтый прорыв;19.03.2021 23:09:08;Дизайн и мода;223
96;Синий слон;20.03.2021 18:13:12;IT;80
97;Розовый гусь;21.03.2021 12:05:54;IT;198
98;Розовый слон;22.03.2021 09:57:49;IT;125
99;Синий цвет;23.03.2021 00:53:58;Искусство;215
100;Синий цвет;23.03.2021 18:12:10;IT;27
101;Розовый гусь;24.03.2021 17:47:53;IT;215
102;Фиолетовый слон;25.03.2021 14:29:15;IT;166
103;Фиолетовый гусь;26.03.2021 02:51:58;IT;290
104;Розовый гусь;26.03.2021 19:19:37;Искусство;138
105;Синий гусь;27.03.2021 11:02:50;IT;280
106;Розовый прорыв;28.03.2021 02:16:44;Искусство;232
107;Багровый гусь;28.03.2021 15:59:47;Искусство;38
108;Розовый слон;29.03.2021 09:57:23;IT;264
109;Синий апельсин;29.03.2021 20:26:07;Искусство;261
110;Розовый слон;30.03.2021 15:36:05;Дизайн и мода;209
111;Фиолетовый слон;31.03.2021 15:31:33;IT;153
112;Синий слон;01.04.2021 09:44:22;Музыка;108
113;Синий гусь;01.04.2021 21:25:44;IT;158
114;Фиолетовый цвет;02.04.2021 13:10:54;Дизайн и мода;73
115;Желтый слон;03.04.2021 05:40:43;Искусство;108
116;Розовый прорыв;04.04.2021 04:50:27;Дизайн и мода;230
117;Желтый гусь;04.04.2021 15:28:52;Искусство;262
118;Синий цвет;05.04.2021 05:55:53;IT;45
119;Багровый слон;06.04.2021 00:03:54;IT;167
120;Багровый апельсин;06.04.2021 17:21:55;Дизайн и мода;117
121;Фиолетовый слон;07.04.2021 11:39:39;Искусство;178
122;Розовый апельсин;07.04.2021 23:05:19;Дизайн и мода;265
123;Багровый слон;08.04.2021 20:52:10;Искусство;164
124;Фиолетовый цвет;09.04.2021 20:29:18;Искусство;155
125;Фиолетовый прорыв;10.04.2021 18:56:06;IT;270
126;Багровый апельсин;11.04.2021 06:00:26;IT;191
127;Багровый слон;11.04.2021 17:02:48;IT;102
128;Розовый прорыв;12.04.2021 06:53:07;IT;71
129;Багровый гусь;12.04.2021 21:15:52;IT;82
130;Розовый цвет;13.04.2021 13:04:33;IT;296
131;Багровый прорыв;14.04.2021 07:24:22;Музыка;288
132;Синий цвет;14.04.2021 22:13:32;IT;115
133;Синий цвет;15.04.2021 18:38:41;Искусство;94
134;Багровый прорыв;16.04.2021 19:25:52;Искусство;90
135;Багровый цвет;17.04.2021 09:43:03;IT;238
136;Синий гусь;18.04.2021 08:33:51;Дизайн и мода;260
137;Фиолетовый гусь;18.04.2021 23:41:18;Музыка;72
138;Синий гусь;19.04.2021 20:49:04;Музыка;124
139;Фиолетовый прорыв;20.04.2021 18:28:26;Дизайн и мода;58
140;Розовый апельсин;21.04.2021 06:57:58;IT;75
141;Синий прорыв;21.04.2021 22:09:18;Искусство;190
142;Синий слон;22.04.2021 14:24:29;IT;86
143;Синий гусь;23.04.2021 14:37:06;Дизайн и мода;115
144;Фиолетовый цвет;24.04.2021 09:21:34;IT;105
145;Багровый слон;25.04.2021 01:47:10;IT;71
146;Розовый слон;25.04.2021 18:03:09;Музыка;248
147;Розовый прорыв;26.04.2021 14:31:47;IT;203
148;Багровый апельсин;27.04.2021 04:02:47;Дизайн и мода;85
149;Розовый гусь;27.04.2021 20:34:42;IT;206
150;Багровый слон;28.04.2021 07:20:16;Дизайн и мода;157
151;Розовый гусь;29.04.2021 03:04:08;Искусство;42
152;Фиолетовый апельсин;29.04.2021 18:59:58;IT;284
153;Желтый гусь;30.04.2021 13:15:14;IT;198
154;Багровый слон;01.05.2021 04:04:39;IT;149
155;Синий прорыв;01.05.2021 19:33:28;IT;227
156;Синий апельсин;02.05.2021 13:08:09;Искусство;153
157;Синий апельсин;03.05.2021 13:36:47;Искусство;239
158;Желтый гусь;03.05.2021 23:37:47;Искусство;82
159;Багровый слон;04.05.2021 23:10:12;Дизайн и мода;153
160;Синий апельсин;05.05.2021 13:47:45;Дизайн и мода;197
161;Фиолетовый слон;06.05.2021 13:22:21;IT;229
162;Желтый слон;06.05.2021 23:25:01;IT;194
163;Багровый прорыв;07.05.2021 22:22:19;Искусство;137
164;Фиолетовый прорыв;08.05.2021 08:24:50;IT;39
165;Фиолетовый слон;09.05.2021 08:46:59;Искусство;115
166;Розовый прорыв;10.05.2021 00:19:07;IT;89
167;Багровый слон;10.05.2021 22:34:40;Искусство;34
168;Фиолетовый цвет;11.05.2021 19:01:55;Дизайн и мода;220
169;Фиолетовый апельсин;12.05.2021 13:36:32;IT;83
170;Синий слон;13.05.2021 13:17:01;Дизайн и мода;146
171;Синий слон;14.05.2021 02:26:42;IT;130
172;Синий цвет;14.05.2021 21:36:32;IT;291
173;Желтый апельсин;15.05.2021 19:13:16;IT;240
174;Синий гусь;16.05.2021 12:03:22;Искусство;143
175;Синий гусь;17.05.2021 06:37:59;IT;259
176;Розовый гусь;18.05.2021 03:22:49;Музыка;184
177;Синий апельсин;19.05.2021 02:12:23;Дизайн и мода;62
178;Багровый гусь;19.05.2021 20:56:02;Искусство;142
179;Желтый гусь;20.05.2021 21:27:04;Музыка;148
180;Багровый слон;21.05.2021 09:05:40;Дизайн и мода;125
181;Фиолетовый слон;22.05.2021 01:06:27;IT;116
182;Фиолетовый прорыв;22.05.2021 18:11:04;Дизайн и мода;263
183;Желтый апельсин;23.05.2021 10:22:52;IT;93
184;Синий слон;24.05.2021 01:31:16;Искусство;106
185;Синий апельсин;24.05.2021 19:45:11;Искусство;25
186;Желтый слон;25.05.2021 09:30:09;Искусство;257
187;Розовый цвет;25.05.2021 22:16:27;IT;45
188;Багровый цвет;26.05.2021 11:27:51;Дизайн и мода;131
189;Фиолетовый апельсин;27.05.2021 07:13:28;Искусство;265
190;Синий цвет;28.05.2021 05:26:56;Музыка;88
191;Розовый цвет;29.05.2021 05:14:52;IT;76
192;Синий слон;30.05.2021 00:36:53;IT;246
193;Багровый апельсин;30.05.2021 15:07:52;Дизайн и мода;250
194;Багровый цвет;31.05.2021 09:54:25;IT;287
195;Синий гусь;01.06.2021 08:41:49;IT;260
196;Синий слон;01.06.2021 23:33:11;IT;224
197;Фиолетовый апельсин;02.06.2021 12:39:47;Искусство;205
198;Розовый цвет;03.06.2021 06:18:22;Искусство;253
199;Розовый гусь;03.06.2021 20:49:57;Дизайн и мода;99
200;Багровый апельсин;04.06.2021 17:22:40;IT;60
201;Багровый прорыв;05.06.2021 15:31:41;Искусство;49
202;Багровый гусь;06.06.2021 02:51:22;Искусство;226
203;Розовый слон;06.06.2021 14:56:46;Искусство;36
204;Синий апельсин;07.06.2021 06:02:45;IT;87
205;Багровый цвет;07.06.2021 19:47:20;Дизайн и мода;282
206;Багровый цвет;08.06.2021 15:24:21;IT;230
207;Синий слон;09.06.2021 02:38:35;Искусство;138
208;Синий гусь;09.06.2021 18:22:12;Искусство;124
209;Синий апельсин;10.06.2021 05:06:51;Искусство;275
210;Розовый цвет;11.06.2021 00:32:22;IT;26
211;Синий слон;11.06.2021 22:06:04;IT;91
212;Желтый гусь;12.06.2021 22:08:48;Искусство;69
213;Багровый прорыв;13.06.2021 18:54:13;Дизайн и мода;233
214;Розовый гусь;14.06.2021 06:23:23;Дизайн и мода;116
215;Желтый апельсин;15.06.2021 04:15:26;Искусство;74
216;Розовый слон;15.06.2021 18:39:43;Дизайн и мода;93
217;Розовый прорыв;16.06.2021 12:52:01;IT;257
218;Фиолетовый гусь;17.06.2021 12:00:46;IT;58
219;Розовый прорыв;18.06.2021 05:35:47;Дизайн и мода;97
220;Розовый слон;19.06.2021 01:57:38;Искусство;131
221;Фиолетовый прорыв;19.06.2021 17:18:51;Искусство;160
222;Розовый гусь;20.06.2021 05:20:08;Искусство;152
223;Багровый гусь;21.06.2021 04:19:15;IT;245
224;Фиолетовый прорыв;21.06.2021 17:44:48;Искусство;89
225;Розовый слон;22.06.2021 11:32:44;Дизайн и мода;244
226;Розовый гусь;23.06.2021 09:14:32;Дизайн и мода;81
227;Желтый прорыв;24.06.2021 00:43:06;Искусство;183
228;Синий цвет;24.06.2021 14:03:35;Дизайн и мода;127
229;Желтый слон;25.06.2021 11:30:11;Искусство;229
230;Синий гусь;26.06.2021 12:14:57;Искусство;131
231;Багровый апельсин;27.06.2021 11:02:25;Дизайн и мода;130
232;Синий прорыв;27.06.2021 22:37:02;IT;284
233;Багровый цвет;28.06.2021 19:02:35;Дизайн и мода;162
234;Желтый цвет;29.06.2021 10:37:08;IT;94
235;Фиолетовый апельсин;30.06.2021 10:52:41;IT;249
236;Желтый цвет;01.07.2021 02:12:30;Искусство;196
237;Синий цвет;01.07.2021 19:40:05;IT;199
238;Синий слон;02.07.2021 17:19:24;Искусство;53
239;Багровый прорыв;03.07.2021 08:39:52;IT;289
240;Багровый прорыв;04.07.2021 05:30:58;IT;192
241;Багровый цвет;05.07.2021 00:14:31;Искусство;79
242;Синий гусь;06.07.2021 00:16:29;IT;252
243;Фиолетовый гусь;06.07.2021 20:55:46;Искусство;77
244;Розовый апельсин;07.07.2021 11:51:35;IT;112
245;Фиолетовый слон;08.07.2021 04:11:04;IT;247
246;Багровый прорыв;09.07.2021 01:59:48;Искусство;208
247;Синий слон;09.07.2021 17:30:39;Искусство;250
248;Розовый апельсин;10.07.2021 12:40:11;Искусство;276
249;Розовый прорыв;11.07.2021 04:00:20;Искусство;270
250;Синий прорыв;12.07.2021 01:21:30;IT;254
251;Желтый цвет;12.07.2021 12:21:20;IT;107
252;Желтый слон;13.07.2021 02:30:26;Искусство;97
253;Багровый апельсин;13.07.2021 23:32:19;IT;175
254;Фиолетовый слон;14.07.2021 19:10:01;IT;163
255;Багровый гусь;15.07.2021 18:51:40;Искусство;66
256;Фиолетовый слон;16.07.2021 04:55:54;Музыка;107
257;Розовый слон;17.07.2021 00:25:43;Искусство;189
258;Фиолетовый цвет;17.07.2021 21:22:32;IT;288
259;Фиолетовый слон;18.07.2021 20:28:38;IT;166
260;Фиолетовый слон;19.07.2021 21:21:20;IT;131
261;Розовый апельсин;20.07.2021 13:05:22;IT;115
262;Розовый цвет;21.07.2021 08:23:12;Дизайн и мода;152
263;Багровый цвет;22.07.2021 02:59:46;Искусство;206
264;Фиолетовый апельсин;23.07.2021 02:35:02;IT;256
265;Розовый апельсин;24.07.2021 01:16:30;Дизайн и мода;117
266;Фиолетовый гусь;24.07.2021 14:40:25;Искусство;104
267;Розовый слон;25.07.2021 04:40:16;Искусство;200
268;Синий гусь;25.07.2021 20:10:14;IT;175
269;Розовый прорыв;26.07.2021 06:14:25;Искусство;245
270;Синий апельсин;26.07.2021 21:14:21;Искусство;189
271;Розовый гусь;27.07.2021 20:19:03;Дизайн и мода;111
272;Багровый слон;28.07.2021 10:23:46;IT;140
273;Розовый апельсин;28.07.2021 23:29:41;Искусство;170
274;Синий апельсин;29.07.2021 18:29:18;Искусство;207
275;Синий цвет;30.07.2021 06:24:57;Искусство;164
276;Фиолетовый цвет;30.07.2021 23:04:49;Искусство;65
277;Багровый слон;31.07.2021 20:57:53;IT;43
278;Синий слон;01.08.2021 11:52:49;Дизайн и мода;172
279;Розовый апельсин;02.08.2021 12:04:48;IT;22
280;Фиолетовый прорыв;02.08.2021 22:51:45;IT;80
281;Багровый слон;03.08.2021 15:57:20;Искусство;214
282;Розовый цвет;04.08.2021 13:52:17;IT;83
283;Синий слон;05.08.2021 08:16:08;Дизайн и мода;259
284;Синий апельсин;06.08.2021 06:32:56;IT;53
285;Синий прорыв;06.08.2021 23:59:27;IT;209
286;Багровый апельсин;07.08.2021 21:45:38;IT;257
287;Желтый апельсин;08.08.2021 10:22:10;IT;211
288;Багровый гусь;09.08.2021 09:10:02;IT;82
289;Желтый слон;09.08.2021 22:25:46;Дизайн и мода;254
290;Синий гусь;10.08.2021 17:45:55;Искусство;177
291;Розовый слон;11.08.2021 05:36:44;Дизайн и мода;104
292;Синий гусь;11.08.2021 17:57:15;IT;49
293;Багровый прорыв;12.08.2021 18:22:29;Искусство;49
294;Розовый прорыв;13.08.2021 09:56:45;Дизайн и мода;162
295;Синий апельсин;13.08.2021 23:46:10;Искусство;75
296;Багровый апельсин;14.08.2021 12:23:52;Искусство;137
297;Багровый слон;15.08.2021 07:23:34;Искусство;237
298;Розовый апельсин;16.08.2021 08:00:34;Искусство;176
299;Синий слон;17.08.2021 06:30:30;IT;277
300;Желтый апельсин;18.08.2021 00:52:56;Искусство;86
301;Желтый цвет;18.08.2021 13:32:30;Искусство;240
302;Желтый апельсин;19.08.2021 08:59:44;Искусство;273
303;Фиолетовый слон;20.08.2021 05:31:47;Искусство;261
304;Багровый гусь;21.08.2021 04:31:34;Дизайн и мода;36
305;Розовый цвет;22.08.2021 02:02:33;Искусство;138
306;Фиолетовый цвет;22.08.2021 12:41:27;IT;296
307;Фиолетовый гусь;23.08.2021 10:21:20;Искусство;197
308;Багровый гусь;24.08.2021 00:36:46;IT;42
309;Фиолетовый апельсин;24.08.2021 18:04:13;IT;114
310;Синий апельсин;25.08.2021 14:53:49;Дизайн и мода;244
311;Багровый гусь;26.08.2021 13:38:05;IT;103
312;Синий прорыв;27.08.2021 10:35:06;Искусство;31
313;Розовый слон;28.08.2021 07:34:21;Искусство;38
314;Фиолетовый слон;28.08.2021 19:23:24;Дизайн и мода;281
315;Багровый гусь;29.08.2021 08:46:30;IT;224
316;Багровый слон;30.08.2021 02:40:58;IT;199
317;Желтый гусь;31.08.2021 03:38:17;Искусство;163
318;Розовый слон;31.08.2021 23:31:33;Искусство;55
319;Желтый апельсин;01.09.2021 18:41:17;IT;257
320;Фиолетовый цвет;02.09.2021 13:55:48;Дизайн и мода;148
321;Синий апельсин;03.09.2021 04:27:24;IT;212
322;Синий прорыв;04.09.2021 04:56:56;IT;88
323;Багровый апельсин;04.09.2021 19:13:15;IT;61
324;Желтый гусь;05.09.2021 08:00:39;Дизайн и мода;51
325;Розовый апельсин;06.09.2021 04:25:24;Искусство;159
326;Фиолетовый гусь;07.09.2021 04:25:29;Искусство;168
327;Фиолетовый апельсин;07.09.2021 22:38:46;IT;298
328;Фиолетовый прорыв;08.09.2021 12:21:09;IT;69
329;Желтый цвет;09.09.2021 10:57:24;Искусство;231
330;Желтый слон;10.09.2021 09:28:19;Искусство;195
331;Фиолетовый цвет;11.09.2021 01:55:17;Искусство;286
332;Синий слон;11.09.2021 21:39:32;IT;246
333;Фиолетовый гусь;12.09.2021 15:39:54;IT;127
334;Синий цвет;13.09.2021 10:42:45;Искусство;169
335;Розовый апельсин;14.09.2021 06:30:15;IT;261
336;Синий апельсин;14.09.2021 18:02:18;Искусство;32
337;Розовый прорыв;15.09.2021 12:00:28;Дизайн и мода;91
338;Фиолетовый цвет;16.09.2021 05:46:12;Искусство;213
339;Желтый слон;17.09.2021 01:58:13;Дизайн и мода;86
340;Багровый слон;17.09.2021 16:38:53;Искусство;276
341;Багровый апельсин;18.09.2021 15:46:32;Искусство;181
342;Багровый гусь;19.09.2021 11:04:53;IT;245
343;Фиолетовый апельсин;20.09.2021 10:07:53;IT;118
344;Фиолетовый прорыв;21.09.2021 00:35:37;IT;277
345;Желтый апельсин;21.09.2021 15:07:19;Искусство;130
346;Синий слон;22.09.2021 13:05:47;Искусство;279
347;Розовый цвет;23.09.2021 07:59:25;IT;49
348;Багровый апельсин;23.09.2021 19:03:20;Искусство;112
349;Багровый цвет;24.09.2021 10:45:35;IT;230
350;Фиолетовый апельсин;25.09.2021 02:12:28;IT;64
351;Синий слон;25.09.2021 15:10:02;IT;87
352;Багровый цвет;26.09.2021 06:25:49;Музыка;245
353;Синий слон;27.09.2021 06:25:15;Дизайн и мода;149
354;Багровый слон;28.09.2021 05:10:18;IT;246
355;Желтый прорыв;28.09.2021 22:20:55;Искусство;246
356;Розовый апельсин;29.09.2021 18:09:40;Дизайн и мода;74
357;Розовый апельсин;30.09.2021 15:04:01;IT;29
358;Розовый апельсин;01.10.2021 07:51:49;Искусство;260
359;Желтый апельсин;01.10.2021 19:32:04;Дизайн и мода;75
360;Розовый цвет;02.10.2021 19:07:58;Дизайн и мода;21
361;Багровый прорыв;03.10.2021 17:01:21;Музыка;219
362;Синий прорыв;04.10.2021 17:03:07;Искусство;78
363;Багровый прорыв;05.10.2021 12:45:28;IT;42
364;Фиолетовый гусь;06.10.2021 12:22:05;Дизайн и мода;187
365;Синий цвет;07.10.2021 06:05:59;Дизайн и мода;201
366;Багровый цвет;08.10.2021 04:37:15;Искусство;178
367;Синий слон;08.10.2021 23:14:36;Искусство;92
368;Розовый гусь;09.10.2021 23:03:54;Дизайн и мода;78
369;Багровый цвет;10.10.2021 18:04:11;IT;123
370;Розовый прорыв;11.10.2021 04:31:22;Искусство;292
371;Синий прорыв;11.10.2021 22:07:53;Дизайн и мода;182
372;Розовый слон;12.10.2021 17:17:56;Искусство;65
373;Фиолетовый цвет;13.10.2021 16:43:26;IT;43
374;Желтый цвет;14.10.2021 17:39:38;Искусство;175
375;Желтый гусь;15.10.2021 09:25:19;IT;276
376;Желтый прорыв;16.10.2021 06:42:16;Искусство;203
377;Фиолетовый цвет;16.10.2021 21:59:08;Искусство;23
378;Желтый апельсин;17.10.2021 19:34:18;Искусство;251
379;Синий гусь;18.10.2021 15:30:10;Дизайн и мода;105
380;Фиолетовый гусь;19.10.2021 16:09:44;IT;149
381;Фиолетовый гусь;20.10.2021 07:35:13;IT;184
382;Синий слон;21.10.2021 03:32:08;Дизайн и мода;264
383;Розовый гусь;22.10.2021 02:08:58;Искусство;252
384;Желтый прорыв;23.10.2021 01:36:45;Искусство;290
385;Желтый апельсин;23.10.2021 14:05:18;Дизайн и мода;247
386;Фиолетовый апельсин;24.10.2021 00:05:34;IT;22
387;Желтый прорыв;24.10.2021 20:50:19;Дизайн и мода;142
388;Багровый апельсин;25.10.2021 07:58:56;IT;61
389;Фиолетовый цвет;26.10.2021 06:17:22;Дизайн и мода;139
390;Розовый прорыв;26.10.2021 17:34:58;IT;127
391;Розовый прорыв;27.10.2021 08:31:49;Дизайн и мода;260
392;Фиолетовый прорыв;27.10.2021 20:34:47;IT;133
393;Желтый гусь;28.10.2021 15:59:04;IT;100
394;Желтый гусь;29.10.2021 05:54:46;IT;108
395;Синий прорыв;29.10.2021 20:37:03;IT;267
396;Желтый цвет;30.10.2021 14:46:56;Музыка;20
397;Синий цвет;31.10.2021 07:45:58;IT;100
398;Синий цвет;31.10.2021 22:10:48;Дизайн и мода;150
399;Багровый прорыв;01.11.2021 12:40:56;IT;299
400;Желтый цвет;02.11.2021 10:33:06;Искусство;260
401;Розовый цвет;03.11.2021 00:20:48;IT;75
402;Фиолетовый прорыв;04.11.2021 01:13:20;Искусство;141
403;Розовый цвет;04.11.2021 15:35:58;Дизайн и мода;164
404;Фиолетовый цвет;05.11.2021 02:31:26;Искусство;279
405;Розовый слон;05.11.2021 15:40:40;IT;47
406;Розовый гусь;06.11.2021 02:35:25;Искусство;38
407;Желтый гусь;06.11.2021 19:53:41;Искусство;79
408;Желтый цвет;07.11.2021 15:34:58;IT;95
409;Синий цвет;08.11.2021 10:48:01;IT;113
410;Фиолетовый гусь;08.11.2021 22:28:16;IT;155
411;Желтый апельсин;09.11.2021 12:09:06;Искусство;223
412;Розовый гусь;10.11.2021 04:53:04;IT;55
413;Желтый слон;11.11.2021 00:29:22;Искусство;80
414;Синий апельсин;11.11.2021 20:58:45;IT;78
415;Фиолетовый прорыв;12.11.2021 07:14:02;Дизайн и мода;38
416;Багровый цвет;12.11.2021 21:21:53;Дизайн и мода;174
417;Желтый апельсин;13.11.2021 09:36:09;Искусство;256
418;Розовый цвет;13.11.2021 22:51:10;Дизайн и мода;234
419;Желтый прорыв;14.11.2021 21:52:39;IT;151
420;Багровый слон;15.11.2021 13:48:51;IT;277
421;Багровый цвет;16.11.2021 13:30:34;IT;30
422;Фиолетовый цвет;17.11.2021 12:21:50;IT;103
423;Багровый цвет;18.11.2021 05:30:09;Музыка;84
424;Желтый слон;19.11.2021 02:04:15;Искусство;196
425;Синий апельсин;20.11.2021 00:16:13;Дизайн и мода;136
426;Синий апельсин;20.11.2021 13:48:39;IT;50
427;Желтый цвет;21.11.2021 12:35:32;Дизайн и мода;296
428;Фиолетовый гусь;22.11.2021 02:02:46;IT;210
429;Розовый прорыв;22.11.2021 15:59:19;Искусство;287
430;Фиолетовый апельсин;23.11.2021 10:20:39;IT;297
431;Багровый гусь;24.11.2021 07:19:48;IT;211
432;Желтый апельсин;25.11.2021 02:30:40;Искусство;225
433;Розовый гусь;25.11.2021 21:19:48;IT;95
434;Багровый цвет;26.11.2021 12:55:44;IT;202
435;Багровый апельсин;27.11.2021 04:54:12;Искусство;286
436;Багровый прорыв;27.11.2021 21:06:35;IT;283
437;Фиолетовый апельсин;28.11.2021 12:50:06;Дизайн и мода;131
438;Желтый слон;29.11.2021 00:32:58;IT;164
439;Фиолетовый гусь;29.11.2021 19:28:35;Дизайн и мода;197
440;Синий прорыв;30.11.2021 16:08:02;IT;54
441;Желтый прорыв;01.12.2021 09:48:02;Дизайн и мода;241
442;Синий прорыв;01.12.2021 22:16:38;IT;247
443;Розовый слон;02.12.2021 18:23:13;Дизайн и мода;273
444;Розовый апельсин;03.12.2021 11:45:32;Искусство;149
445;Розовый слон;04.12.2021 12:11:54;IT;193
446;Желтый прорыв;05.12.2021 01:09:39;IT;66
447;Розовый слон;05.12.2021 21:19:00;IT;161
448;Фиолетовый цвет;06.12.2021 08:50:43;Музыка;277
449;Синий апельсин;07.12.2021 05:25:57;IT;239
450;Розовый гусь;07.12.2021 16:54:54;Искусство;180
451;Розовый слон;08.12.2021 17:46:10;IT;136
452;Фиолетовый апельсин;09.12.2021 10:56:32;Искусство;281
453;Синий слон;10.12.2021 05:16:38;IT;207
454;Синий цвет;10.12.2021 15:23:23;Дизайн и мода;38
455;Розовый прорыв;11.12.2021 15:06:23;Искусство;75
456;Синий слон;12.12.2021 09:05:14;IT;116
457;Багровый апельсин;13.12.2021 09:04:42;Дизайн и мода;243
458;Синий гусь;13.12.2021 20:09:39;IT;26
459;Розовый гусь;14.12.2021 16:44:11;Дизайн и мода;259
460;Синий цвет;15.12.2021 12:25:30;IT;254
461;Розовый прорыв;15.12.2021 22:29:27;Искусство;279
462;Багровый гусь;16.12.2021 09:39:12;Дизайн и мода;181
463;Синий апельсин;17.12.2021 07:32:07;Дизайн и мода;237
464;Фиолетовый гусь;18.12.2021 04:41:27;Искусство;22
465;Багровый цвет;19.12.2021 01:00:35;IT;63
466;Синий прорыв;19.12.2021 12:25:59;Искусство;146
467;Розовый слон;20.12.2021 05:57:55;IT;127
468;Фиолетовый апельсин;21.12.2021 02:31:20;IT;73
469;Багровый прорыв;22.12.2021 02:30:35;Искусство;269
470;Багровый гусь;22.12.2021 18:24:12;IT;268
471;Желтый слон;23.12.2021 05:37:43;Дизайн и мода;65
472;Розовый цвет;24.12.2021 05:36:35;IT;296
473;Желтый гусь;24.12.2021 20:21:39;IT;168
474;Фиолетовый слон;25.12.2021 20:51:08;IT;33
475;Желтый апельсин;26.12.2021 19:44:43;Искусство;39
476;Багровый гусь;27.12.2021 07:06:19;Искусство;102
477;Багровый прорыв;28.12.2021 06:31:22;Музыка;99
478;Синий цвет;29.12.2021 00:52:19;IT;202
479;Желтый цвет;29.12.2021 11:10:35;IT;175
480;Желтый цвет;30.12.2021 10:16:25;Дизайн и мода;162
481;Розовый слон;31.12.2021 08:05:19;Искусство;40
482;Синий прорыв;31.12.2021 21:04:28;Дизайн и мода;65
483;Желтый апельсин;01.01.2022 15:50:07;Искусство;129
484;Синий гусь;02.01.2022 03:38:50;Дизайн и мода;225
485;Фиолетовый апельсин;02.01.2022 23:25:16;IT;28
486;Желтый слон;03.01.2022 15:10:52;Искусство;252
487;Багровый прорыв;04.01.2022 02:26:40;IT;36
488;Багровый прорыв;05.01.2022 01:09:51;IT;275
489;Багровый слон;05.01.2022 19:35:08;Искусство;174
490;Розовый слон;06.01.2022 18:53:41;Искусство;197
491;Желтый цвет;07.01.2022 06:28:34;Искусство;189
492;Синий апельсин;08.01.2022 02:58:11;Искусство;254
493;Фиолетовый апельсин;09.01.2022 01:27:48;Музыка;291
494;Розовый прорыв;09.01.2022 21:52:11;Искусство;215
495;Синий слон;10.01.2022 17:38:29;Искусство;52
496;Багровый цвет;11.01.2022 12:41:02;Искусство;116
497;Синий слон;12.01.2022 12:11:04;Искусство;108
498;Багровый слон;13.01.2022 02:02:18;Искусство;190
499;Розовый гусь;14.01.2022 02:40:15;Искусство;264
